ordinal	rule_id	source_locations_json
1	insecure-file-permissions	["BehavioralAISubstrate/Sources/BASJournalCLI/main.swift:39-57","BehavioralAISubstrate/Sources/BASJournalCLI/ContentStore.swift:40-59","BehavioralAISubstrate/Sources/BASJournalCLI/TrialIndexStore.swift:62-95","BehavioralAISubstrate/Sources/BASJournalCLI/Ledger.swift:96-106"]
2	incomplete-secure-deletion	["BehavioralAISubstrate/Sources/BASJournalCLI/TrialIndexStore.swift:62-95","BehavioralAISubstrate/Sources/BASJournalCLI/TrialIndexStore.swift:152-160","BehavioralAISubstrate/Sources/BASJournalCLI/main.swift:367-369","BehavioralAISubstrate/Sources/BASRuntimeCore/BASSQLiteSecureDelete.swift:39-55"]
3	sample-ledger-secret-file-protection	["QinaoRuntimeSDK/Sources/QinaoSample/SampleSovereignSpine.swift:141-170","QinaoRuntimeSDK/Sources/QinaoSample/SampleSovereignSpine.swift:26-43","QinaoRuntimeSDK/Sources/QinaoDefaults/QinaoSovereignHostAssembly.swift:62-101","QinaoRuntimeSDK/Sources/QinaoSample/SampleSovereignSpine.swift:26-43","QinaoRuntimeSDK/Sources/QinaoSample/SampleSovereignSpine.swift:139-170","QinaoRuntimeSDK/Sources/QinaoSample/SampleSession.swift:44-46","QinaoRuntimeSDK/Sources/QinaoSovereign/QinaoSovereign.swift:795-803","QinaoRuntimeSDK/Sources/QinaoSample/SampleSovereignSpine.swift:30-43","QinaoRuntimeSDK/Sources/QinaoSample/SampleSovereignSpine.swift:158-170","QinaoRuntimeSDK/Sources/QinaoSample/SampleSovereignSpine.swift:26-43","QinaoRuntimeSDK/Sources/QinaoSample/SampleSovereignSpine.swift:158-170","QinaoRuntimeSDK/Sources/QinaoSovereign/QinaoSovereign.swift:748-765"]
4	resource-bounds-not-enforced	["BehavioralAISubstrate/Sources/BASChatCompletionsAdapter/BASChatCompletionsOrganAdapter.swift:86-117","BehavioralAISubstrate/Sources/BASChatCompletionsAdapter/BASChatCompletionsOrganAdapter.swift:120-173","BehavioralAISubstrate/Sources/BASChatCompletionsAdapter/BASChatCompletionsOrganAdapter.swift:282-295","QinaoRuntimeSDK/Sources/QinaoSampleHost/main.swift:648-712","BehavioralAISubstrate/Sources/BASChatCompletionsAdapter/BASChatCompletionsOrganAdapter.swift:145-149","BehavioralAISubstrate/Sources/BASChatCompletionsAdapter/BASChatCompletionsOrganAdapter.swift:164-173","BehavioralAISubstrate/Tests/BehavioralAISubstrateTests/BASChatCompletionsOrganAdapterTests.swift:252-273","BehavioralAISubstrate/Sources/BASChatCompletionsAdapter/BASChatCompletionsOrganAdapter+Streaming.swift:107-132","BehavioralAISubstrate/Sources/BASChatCompletionsAdapter/BASChatCompletionsOrganAdapter+Streaming.swift:185-199","BehavioralAISubstrate/Tests/BehavioralAISubstrateTests/BASChatCompletionsStreamingTests.swift:13-17","BehavioralAISubstrate/Sources/BASChatCompletionsAdapter/BASChatCompletionsOrganAdapter.swift:64-68","BehavioralAISubstrate/Sources/BASChatCompletionsAdapter/BASChatCompletionsOrganAdapter.swift:145-173","BehavioralAISubstrate/Sources/BASChatCompletionsAdapter/BASChatCompletionsOrganAdapter+Streaming.swift:107-132","BehavioralAISubstrate/Sources/BASChatCompletionsAdapter/BASChatCompletionsOrganAdapter+Streaming.swift:185-208","BehavioralAISubstrate/Sources/BASChatCompletionsAdapter/BASChatCompletionsOrganAdapter.swift:46-60","BehavioralAISubstrate/Sources/BASOrgan/BASOrganAdapter.swift:106-146","BehavioralAISubstrate/Sources/BASOrgan/BASOrganAdapter.swift:180-261","BehavioralAISubstrate/Sources/BASChatCompletionsAdapter/BASChatCompletionsOrganAdapter.swift:120-143","BehavioralAISubstrate/Sources/BASChatCompletionsAdapter/BASChatCompletionsOrganAdapter.swift:192-231","BehavioralAISubstrate/Sources/BASChatCompletionsAdapter/BASChatCompletionsOrganAdapter.swift:145-173","BehavioralAISubstrate/Tests/BehavioralAISubstrateTests/BASChatCompletionsOrganAdapterTests.swift:252-273","BehavioralAISubstrate/Sources/BASOrgan/BASOrganAdapter.swift:180-207","BehavioralAISubstrate/Sources/BASOrgan/BASOrganAdapter.swift:235-261","BehavioralAISubstrate/Sources/BASChatCompletionsAdapter/BASChatCompletionsOrganAdapter.swift:132-143","BehavioralAISubstrate/Sources/BASChatCompletionsAdapter/BASChatCompletionsOrganAdapter.swift:192-206","BehavioralAISubstrate/Sources/BASChatCompletionsAdapter/BASChatCompletionsOrganAdapter.swift:282-295","BehavioralAISubstrate/Sources/BASChatCompletionsAdapter/BASChatCompletionsOrganAdapter+Streaming.swift:167-199","BehavioralAISubstrate/Tests/BehavioralAISubstrateTests/BASChatCompletionsStreamingTests.swift:13-17","BehavioralAISubstrate/Sources/BASChatCompletionsAdapter/BASChatCompletionsOrganAdapter.swift:145-173","BehavioralAISubstrate/Sources/BASChatCompletionsAdapter/BASChatCompletionsOrganAdapter+Streaming.swift:167-198","QinaoRuntimeSDK/Sources/QinaoSampleHost/main.swift:658-712","BehavioralAISubstrate/Sources/BASChatCompletionsAdapter/BASChatCompletionsOrganAdapter.swift:145-173","BehavioralAISubstrate/Sources/BASChatCompletionsAdapter/BASChatCompletionsOrganAdapter+Streaming.swift:167-209","BehavioralAISubstrate/Sources/BASChatCompletionsAdapter/BASChatCompletionsOrganAdapter.swift:145-175","BehavioralAISubstrate/Sources/BASChatCompletionsAdapter/BASChatCompletionsOrganAdapter+Streaming.swift:112-132","BehavioralAISubstrate/Sources/BASChatCompletionsAdapter/BASChatCompletionsOrganAdapter+Streaming.swift:185-199","BehavioralAISubstrate/Sources/BASChatCompletionsAdapter/BASChatCompletionsOrganAdapter.swift:86-143","QinaoRuntimeSDK/Sources/QinaoLoop/BASOrganRegistryEndpoint.swift:184-207","QinaoRuntimeSDK/Sources/QinaoLoop/QinaoLoop.swift:671-707"]
5	http-bearer-transport	["QinaoRuntimeSDK/Sources/QinaoSampleHost/main.swift:648-679","QinaoRuntimeSDK/Sources/QinaoSampleHost/main.swift:699-712","QinaoRuntimeSDK/README.md:316-331","BehavioralAISubstrate/Sources/BASChatCompletionsAdapter/BASChatCompletionsOrganAdapter.swift:46-61","BehavioralAISubstrate/Sources/BASChatCompletionsAdapter/BASChatCompletionsOrganAdapter.swift:135-149","QinaoRuntimeSDK/Sources/QinaoSampleHost/main.swift:648-679","BehavioralAISubstrate/Sources/BASChatCompletionsAdapter/BASChatCompletionsOrganAdapter.swift:135-143","QinaoRuntimeSDK/Sources/QinaoSampleHost/main.swift:648-713","QinaoRuntimeSDK/Sources/QinaoSampleHost/main.swift:658-679","QinaoRuntimeSDK/Sources/QinaoSampleHost/main.swift:699-712","BehavioralAISubstrate/Sources/BASChatCompletionsAdapter/BASChatCompletionsOrganAdapter.swift:135-153"]
6	runtime-bundle-replay-after-restart	["QinaoRuntimeSDK/Sources/QinaoRuntime/QinaoRuntime.swift:149-149","QinaoRuntimeSDK/Sources/QinaoRuntime/QinaoRuntime.swift:255-279","docs/superpowers/specs/2026-07-14-iphone-air-future-apple-silicon-architecture-design.md:119-120","docs/superpowers/specs/2026-07-14-iphone-air-future-apple-silicon-architecture-design.md:147-147","QinaoRuntimeSDK/Sources/QinaoRuntime/QinaoRuntime.swift:144-149","QinaoRuntimeSDK/Sources/QinaoRuntime/QinaoRuntime.swift:255-266","QinaoRuntimeSDK/Sources/QinaoDefaults/QinaoSovereignHostAssembly.swift:80-101","QinaoRuntimeSDK/Sources/QinaoRuntime/QinaoRuntime.swift:144-149","QinaoRuntimeSDK/Sources/QinaoRuntime/QinaoRuntime.swift:255-279","QinaoRuntimeSDK/Sources/QinaoSovereign/QinaoSovereign.swift:677-712","QinaoRuntimeSDK/Tests/QinaoRuntimeSDKTests/QinaoRuntimeGateTests.swift:240-272","QinaoRuntimeSDK/Sources/QinaoRuntime/QinaoRuntime.swift:32-42","QinaoRuntimeSDK/Sources/QinaoRuntime/QinaoRuntime.swift:144-149","QinaoRuntimeSDK/Sources/QinaoRuntime/QinaoRuntime.swift:255-266","QinaoRuntimeSDK/Sources/QinaoSovereign/QinaoSovereign.swift:46-55","QinaoRuntimeSDK/Sources/QinaoRuntime/QinaoRuntime.swift:32-42","QinaoRuntimeSDK/Sources/QinaoRuntime/QinaoRuntime.swift:144-149","QinaoRuntimeSDK/Sources/QinaoRuntime/QinaoRuntime.swift:255-279","QinaoRuntimeSDK/Sources/QinaoDefaults/QinaoSovereignHostAssembly.swift:85-101","QinaoRuntimeSDK/Sources/QinaoRisk/QinaoRisk.swift:373-396","QinaoRuntimeSDK/Sources/QinaoSovereign/QinaoSovereign.swift:1137-1160","QinaoRuntimeSDK/Sources/QinaoRuntime/QinaoSovereignSnapshotProof.swift:18-41","QinaoRuntimeSDK/Sources/QinaoRuntime/QinaoRuntime.swift:255-280"]
7	keychain-update-accessibility	["BehavioralAISubstrate/Sources/BASSovereign/BASSovereignKeychainBinding.swift:121-128","BehavioralAISubstrate/Sources/BASSovereign/BASSovereignKeychainBinding.swift:138-145","BehavioralAISubstrate/Tests/BehavioralAISubstrateTests/BASSovereignKeychainBindingTests.swift:109-127","BehavioralAISubstrate/Sources/BASSovereign/BASSovereignKeychainBinding.swift:123-128","BehavioralAISubstrate/Sources/BASSovereign/BASSovereignKeychainBinding.swift:248-255","BehavioralAISubstrate/Sources/BASSovereign/BASSovereignAuditLedger.swift:533-535","BehavioralAISubstrate/Sources/BASSovereign/BASSovereignKeychainBinding.swift:121-145"]
8	cli-api-key-argv	["QinaoRuntimeSDK/Sources/QinaoSampleHost/main.swift:72-75","QinaoRuntimeSDK/Sources/QinaoSampleHost/main.swift:660-679","QinaoRuntimeSDK/Sources/QinaoSampleHost/main.swift:699-702","QinaoRuntimeSDK/README.md:316-323","QinaoRuntimeSDK/Sources/QinaoSampleHost/main.swift:626-630","QinaoRuntimeSDK/Sources/QinaoSampleHost/main.swift:676-707","QinaoRuntimeSDK/Sources/QinaoSampleHost/main.swift:72-75","QinaoRuntimeSDK/Sources/QinaoSampleHost/main.swift:676-679","QinaoRuntimeSDK/Sources/QinaoSampleHost/main.swift:51-53","QinaoRuntimeSDK/Sources/QinaoSampleHost/main.swift:648-679","QinaoRuntimeSDK/Sources/QinaoSampleHost/main.swift:699-706"]
9	statelake-header-bounds	["BehavioralAISubstrate/Sources/BASAppleAdapters/BASStateLakeReader.swift:47-68","BehavioralAISubstrate/DeviceTestApp/Sources/App/BASCoreAIStateLakeProbe.swift:24-49","BehavioralAISubstrate/Tools/mamba3_statelake_device_prep.py:36-52","BehavioralAISubstrate/Sources/BASAppleAdapters/BASStateLakeReader.swift:28-45","BehavioralAISubstrate/Sources/BASAppleAdapters/BASStateLakeReader.swift:47-68","BehavioralAISubstrate/Sources/BASAppleAdapters/BASStateLakeReader.swift:48-68","BehavioralAISubstrate/DeviceTestApp/Sources/App/BASCoreAIStateLakeProbe.swift:45-58","BehavioralAISubstrate/Sources/BASAppleAdapters/BASStateLakeReader.swift:49-68","BehavioralAISubstrate/Tools/mamba3_statelake.py:139-145","BehavioralAISubstrate/Tools/mamba3_statelake_device_prep.py:65-70"]
10	statelake-checksum-authenticity	["BehavioralAISubstrate/Sources/BASAppleAdapters/BASStateLakeReader.swift:30-45","BehavioralAISubstrate/Tools/mamba3_statelake_device_prep.py:47-51","BehavioralAISubstrate/DeviceTestApp/Sources/App/BASCoreAIStateLakeProbe.swift:24-49","BehavioralAISubstrate/Tools/mamba3_statelake.py:90-118","BehavioralAISubstrate/Tools/mamba3_statelake.py:125-145","BehavioralAISubstrate/Sources/BASAppleAdapters/BASStateLakeReader.swift:28-45","BehavioralAISubstrate/DeviceTestApp/Sources/App/BASCoreAIStateLakeProbe.swift:27-48","BehavioralAISubstrate/Sources/BASAppleAdapters/BASStateLakeReader.swift:38-44","BehavioralAISubstrate/Tools/mamba3_statelake.py:125-138","BehavioralAISubstrate/Tools/mamba3_statelake_device_prep.py:55-64"]
11	persistent-ledger-stale-head-race	["BehavioralAISubstrate/Sources/BASSovereign/BASSovereignAuditLedger.swift:522-523","BehavioralAISubstrate/Sources/BASSovereign/BASSovereignAuditLedger.swift:576-607","BehavioralAISubstrate/Sources/BASSovereign/BASSovereignLedgerStorage.swift:424-484","BehavioralAISubstrate/Sources/BASSovereign/BASSovereignLedgerStorage.swift:486-512","QinaoRuntimeSDK/Sources/QinaoSovereign/QinaoSovereign.swift:684-698","QinaoRuntimeSDK/Tests/QinaoRuntimeSDKTests/QinaoSovereignPersistentLedgerTests.swift:78-134"]
12	build.sql-schema-codegen-injection	["BehavioralAISubstrate/Plugins/BASSQLSchemaGen/Plugin.swift:84-103","BehavioralAISubstrate/Plugins/BASSQLSchemaGen/Plugin.swift:109-125","BehavioralAISubstrate/Sources/BASSQLSchemaGenTool/main.swift:51-74","BehavioralAISubstrate/Sources/BASSQLSchemaGenCore/BASSQLSchemaGenCore.swift:118-151","BehavioralAISubstrate/Sources/BASSQLSchemaGenCore/BASSQLSchemaGenCore.swift:236-259"]
13	tool.dispatch-missing-authorization	["BehavioralAISubstrate/Sources/BASOrgan/BASToolDispatcher.swift:43-54","BehavioralAISubstrate/Sources/BASOrgan/BASToolDispatcher.swift:129-135","BehavioralAISubstrate/Sources/BASOrgan/BASToolDispatcher.swift:203-243","BehavioralAISubstrate/Sources/BASOrgan/BASToolCallingPlanner.swift:279-309","BehavioralAISubstrate/Sources/BASOrgan/BASToolPromptRenderer.swift:61-73","BehavioralAISubstrate/Sources/BASOrgan/BASToolInvocationGate.swift:100-126","BehavioralAISubstrate/Sources/BASOrgan/BASToolDispatcher.swift:43-54","BehavioralAISubstrate/Sources/BASOrgan/BASToolDispatcher.swift:203-244","BehavioralAISubstrate/Sources/BASOrgan/BASToolCallingPlanner.swift:279-300","BehavioralAISubstrate/Tests/BehavioralAISubstrateTests/BASGatedToolLoopE2ETests.swift:28-46","BehavioralAISubstrate/Sources/BASOrgan/BASToolCallingPlanner.swift:246-252","BehavioralAISubstrate/Sources/BASOrgan/BASToolCallingPlanner.swift:287-300","BehavioralAISubstrate/Sources/BASOrgan/BASToolDispatcher.swift:225-244","BehavioralAISubstrate/Sources/BASOrgan/BASToolPromptRenderer.swift:61-74","BehavioralAISubstrate/Sources/BASOrgan/BASOrganTool.swift:176-205","BehavioralAISubstrate/Sources/BASOrgan/BASToolPromptRenderer.swift:61-73","BehavioralAISubstrate/Sources/BASOrgan/BASToolCallingPlanner.swift:182-209","BehavioralAISubstrate/Sources/BASOrgan/BASToolCallingPlanner.swift:285-304","BehavioralAISubstrate/Sources/BASOrgan/BASToolDispatcher.swift:129-135","BehavioralAISubstrate/Sources/BASOrgan/BASToolDispatcher.swift:207-225","BehavioralAISubstrate/Sources/BASOrgan/BASToolInvocationGate.swift:100-125"]
14	tool.batch-resource-exhaustion	["BehavioralAISubstrate/Sources/BASOrgan/BASToolDispatcher.swift:137-152","BehavioralAISubstrate/Sources/BASOrgan/BASToolDispatcher.swift:272-298","BehavioralAISubstrate/Sources/BASOrgan/BASToolDispatcher.swift:303-342","BehavioralAISubstrate/Sources/BASOrgan/BASToolCallingPlanner.swift:302-309","BehavioralAISubstrate/Tests/BehavioralAISubstrateTests/BASToolDispatcherTests.swift:185-223","BehavioralAISubstrate/Sources/BASOrgan/BASToolDispatcher.swift:137-152","BehavioralAISubstrate/Sources/BASOrgan/BASToolDispatcher.swift:272-298","BehavioralAISubstrate/Sources/BASOrgan/BASToolDispatcher.swift:303-342","BehavioralAISubstrate/Sources/BASOrgan/BASToolCallingPlanner.swift:279-300"]
15	cache.summary-unbounded	["BehavioralAISubstrate/Sources/BASHostKit/BASCognitiveBrain+Summary.swift:28-34","BehavioralAISubstrate/Sources/BASHostKit/BASCognitiveBrain+Summary.swift:120-159","BehavioralAISubstrate/Sources/BASHostKit/BASCxxBrainSummaryCache.swift:1-5","BehavioralAISubstrate/Sources/BASHostKit/BASCxxBrainSummaryCache.swift:81-90","BehavioralAISubstrate/Sources/BASHostKit/BASCxxBrainSummaryCache.swift:135-169","BehavioralAISubstrate/Sources/BASHostKit/BASCognitiveBrain+Construction.swift:175-207","BehavioralAISubstrate/Native/bas_mps_cache.cpp:89-103","BehavioralAISubstrate/Native/bas_mps_cache.cpp:156-178","BehavioralAISubstrate/Sources/BASHostKit/BASCognitiveBrain+Summary.swift:28-49","BehavioralAISubstrate/Sources/BASHostKit/BASCognitiveBrain+Summary.swift:142-159","BehavioralAISubstrate/Sources/BASHostKit/BASCxxBrainSummaryCache.swift:172-185","BehavioralAISubstrate/Sources/BASMPSGraphExecutableCacheCxx/bas_mps_cache.cpp:89-103"]
16	history.summary-usage-unbounded	["BehavioralAISubstrate/Sources/BASHostKit/BASCognitiveBrain+Summary.swift:142-159","BehavioralAISubstrate/Sources/BASHostKit/BASCognitiveBrain+Summary.swift:210-245","BehavioralAISubstrate/Sources/BASMemory/BASMemoryUsageTracker.swift:143-147","BehavioralAISubstrate/Sources/BASMemory/BASMemoryUsageTracker+SQLCore.swift:368-391","BehavioralAISubstrate/Sources/BASMemory/BASMemoryUsageTracker+SQLCore.swift:420-448","BehavioralAISubstrate/Sources/BASMemory/BASMemoryUsageTracker+SQLCore.swift:682-699","BehavioralAISubstrate/Sources/BASHostKit/BASCognitiveBrain+Construction.swift:175-207"]
17	evaluation.generated-code-unsandboxed	["BehavioralAISubstrate/Tools/qinao_local_eval/qinao_humaneval_paired.py:66-79","BehavioralAISubstrate/Tools/qinao_local_eval/qinao_humaneval_paired.py:81-105","BehavioralAISubstrate/Tools/qinao_local_eval/qinao_humaneval_paired.py:88-105","BehavioralAISubstrate/Tools/qinao_local_eval/qinao_sandbox.py:23-31","BehavioralAISubstrate/Tools/qinao_local_eval/qinao_humaneval_paired.py:66-105","BehavioralAISubstrate/Tools/qinao_local_eval/qinao_humaneval_paired.py:107-122","BehavioralAISubstrate/Tools/qinao_local_eval/qinao_sandbox.py:9-31","BehavioralAISubstrate/Tools/qinao_local_eval/qinao_humaneval.py:4-42","BehavioralAISubstrate/Tools/qinao_local_eval/qinao_humaneval_paired.py:92-105","BehavioralAISubstrate/Tools/qinao_local_eval/qinao_sandbox.py:23-31"]
18	evaluation.sandbox-overbroad	["BehavioralAISubstrate/Tools/qinao_local_eval/qinao_sandbox.py:9-20","BehavioralAISubstrate/Tools/qinao_local_eval/qinao_sandbox.py:23-31","BehavioralAISubstrate/Tools/qinao_local_eval/qinao_humaneval.py:23-42","BehavioralAISubstrate/Tools/qinao_local_eval/qinao_sandbox.py:9-20","BehavioralAISubstrate/Tools/qinao_local_eval/qinao_humaneval.py:40-42","BehavioralAISubstrate/Tools/qinao_local_eval/qinao_sandbox.py:9-19","BehavioralAISubstrate/Tools/qinao_local_eval/qinao_sandbox.py:23-31","BehavioralAISubstrate/Tools/qinao_local_eval/qinao_humaneval.py:36-42","BehavioralAISubstrate/Tools/qinao_local_eval/qinao_sandbox.py:13-19","BehavioralAISubstrate/Tools/qinao_local_eval/qinao_sandbox.py:23-31","BehavioralAISubstrate/Tools/qinao_local_eval/qinao_humaneval.py:37-45","BehavioralAISubstrate/Tools/qinao_local_eval/qinao_humaneval_paired.py:97-110"]
19	input.raw-input-precondition-trap	["BehavioralAISubstrate/Sources/BASOrgan/BASLLMTaskPackage.swift:50-53","BehavioralAISubstrate/Sources/BASOrgan/BASLLMTaskPackage.swift:73-94","SampleHost/SampleHostLLMExtractionDemoView.swift:190-201"]
20	authorization.public-control-plane-minting	["QinaoRuntimeSDK/Sources/QinaoRuntime/QinaoRuntime.swift:129-149","QinaoRuntimeSDK/Sources/QinaoRisk/QinaoRisk.swift:320-335","QinaoRuntimeSDK/Sources/QinaoSovereign/QinaoSovereign.swift:1137-1152","QinaoRuntimeSDK/Sources/QinaoRuntime/QinaoSovereignSnapshotProof.swift:18-32"]
21	authorization.halt-clear-without-recovery-capability	["QinaoRuntimeSDK/Sources/QinaoSovereign/QinaoSovereign.swift:932-959","QinaoRuntimeSDK/Sources/QinaoRuntime/QinaoRuntime.swift:268-279","QinaoRuntimeSDK/Sources/QinaoSovereign/QinaoSovereign.swift:981-1044","QinaoRuntimeSDK/Sources/QinaoRuntime/QinaoRuntime.swift:620-646","QinaoRuntimeSDK/Sources/QinaoDefaults/QinaoSovereignHostAssembly.swift:35-46"]
22	authorization.replay.processed-turn-eviction	["QinaoRuntimeSDK/Sources/QinaoSovereign/QinaoSovereign.swift:597-607","QinaoRuntimeSDK/Sources/QinaoSovereign/QinaoSovereign.swift:1025-1044","BehavioralAISubstrate/Sources/BASSovereign/BASSovereignLedgerStorage.swift:151-159","QinaoRuntimeSDK/Sources/QinaoSovereign/QinaoSovereign.swift:597-607","QinaoRuntimeSDK/Sources/QinaoSovereign/QinaoSovereign.swift:1005-1044","QinaoRuntimeSDK/Sources/QinaoSovereign/QinaoSovereign.swift:1086-1115","QinaoRuntimeSDK/Sources/QinaoDefaults/QinaoSovereignHostAssembly.swift:62-83","QinaoRuntimeSDK/Tests/QinaoRuntimeSDKTests/QinaoRuntimeM168WarmCacheTests.swift:118-140"]
23	integrity.release-gate-forgeable-artifacts	["BehavioralAISubstrate/Tools/qinao_local_eval/qinao_eval.py:138-153","BehavioralAISubstrate/Tools/qinao_local_eval/qinao_merge.py:68-96","BehavioralAISubstrate/Tools/qinao_local_eval/release_gate.py:51-62","BehavioralAISubstrate/Tools/qinao_local_eval/release_gate.py:100-117","BehavioralAISubstrate/Tools/qinao_local_eval/release_gate.py:218-248"]
24	supply-chain.unsafe-checkpoint-deserialization	["BehavioralAISubstrate/scripts/PhaseB_ContextClassifier/convert.py:66-76","BehavioralAISubstrate/scripts/PhaseB_ContextClassifier/convert_coreai.py:71-79"]
25	authorization.statelake-hot-cache-bypass	["BehavioralAISubstrate/Tools/mamba3_statelake.py:182-203","BehavioralAISubstrate/Tools/mamba3_statelake.py:205-221","BehavioralAISubstrate/Tools/mamba3_statelake.py:237-246","BehavioralAISubstrate/Tools/mamba3_statelake.py:195-220"]
26	data-protection.vector-index-storage	["BehavioralAISubstrate/Sources/BASMemory/BASSQLiteVectorIndexStorage.swift:122-153","BehavioralAISubstrate/DeviceTestApp/Sources/App/BASEnduranceAppRunner.swift:1122-1136","BehavioralAISubstrate/Sources/BASMemory/BASSQLiteMemoryAtomStore.swift:238-244"]
27	filesystem.predictable-evaluator-temp-paths	["QinaoRuntimeSDK/Sources/QinaoSampleHost/SampleHostAppleFMExtensions.swift:420-455","QinaoRuntimeSDK/Sources/QinaoSampleHost/SampleHostAppleFMExtensions.swift:462-466","QinaoRuntimeSDK/Sources/QinaoSampleHost/SampleHostAppleFMExtensions.swift:507-512","QinaoRuntimeSDK/Sources/QinaoSampleHost/SampleHostAppleFMExtensions.swift:420-432","QinaoRuntimeSDK/Sources/QinaoSampleHost/SampleHostAppleFMExtensions.swift:447-475","QinaoRuntimeSDK/Sources/QinaoSampleHost/SampleHostAppleFMExtensions.swift:507-512","QinaoRuntimeSDK/Sources/QinaoSampleHost/SampleHostAppleFMExtensions.swift:711-717","QinaoRuntimeSDK/Sources/QinaoSampleHost/SampleHostAppleFMExtensions.swift:420-432","QinaoRuntimeSDK/Sources/QinaoSampleHost/SampleHostAppleFMExtensions.swift:447-466","QinaoRuntimeSDK/Sources/QinaoSampleHost/SampleHostAppleFMExtensions.swift:595-603","QinaoRuntimeSDK/Sources/QinaoSampleHost/SampleHostAppleFMExtensions.swift:705-717"]
28	filesystem.evaluator-tag-path-traversal	["BehavioralAISubstrate/Tools/qinao_local_eval/qinao_eval.py:19-20","BehavioralAISubstrate/Tools/qinao_local_eval/qinao_eval.py:151-154","BehavioralAISubstrate/Tools/qinao_local_eval/qinao_merge.py:68-77","BehavioralAISubstrate/Tools/qinao_local_eval/qinao_merge.py:103-113","BehavioralAISubstrate/Tools/qinao_local_eval/qinao_humaneval_paired.py:130-136"]
29	integrity.constitution-vault-unverified	["BehavioralAISubstrate/Sources/BASMemory/BASHostConstitutionSQLiteStorage.swift:201-220","BehavioralAISubstrate/Sources/BASMemory/HostConstitutionCore.swift:648-657","BehavioralAISubstrate/Sources/BASMemory/HostConstitutionCore.swift:683-691","BehavioralAISubstrate/Sources/BASMemory/HostConstitutionCore.swift:1079-1107","BehavioralAISubstrate/Sources/BASHostKit/BASHostConstitutionVaultSovereignSeal.swift:236-245","BehavioralAISubstrate/Sources/BASMemory/HostConstitutionCore.swift:633-691","BehavioralAISubstrate/Sources/BASMemory/HostConstitutionCore.swift:1080-1155","BehavioralAISubstrate/Sources/BASMemory/BASHostConstitutionSQLiteStorage.swift:566-590","BehavioralAISubstrate/Sources/BASMemory/BASRoutedHostConstitutionVaultStorage.swift:257-309","BehavioralAISubstrate/Sources/BASHostKit/BASHostConstitutionVaultSovereignSeal.swift:19-33"]
30	integrity.ledger-key-regeneration	["QinaoRuntimeSDK/Sources/QinaoSample/SampleSovereignSpine.swift:158-170","QinaoRuntimeSDK/Sources/QinaoSovereign/QinaoSovereign.swift:748-769"]
31	integrity.audit-reload-lazy-verification	["BehavioralAISubstrate/Sources/BASSovereign/BASSovereignAuditLedger.swift:347-415","BehavioralAISubstrate/Sources/BASSovereign/BASSovereignAuditLedger.swift:659-690"]
32	resource-exhaustion.cognitive-graph-batch	["BehavioralAISubstrate/Sources/BASHostKit/BASCognitiveOSConvenience.swift:111-138","BehavioralAISubstrate/Sources/BASHostKit/BASCognitiveOSConvenience.swift:764-797","BehavioralAISubstrate/Sources/BASRuntimeCore/BASKnowledgeGraphEventExtractor.swift:248-264","BehavioralAISubstrate/Sources/BASHostKit/BASCognitiveOSConvenience.swift:111-138","BehavioralAISubstrate/Sources/BASHostKit/BASCognitiveOSConvenience.swift:485-521","BehavioralAISubstrate/Sources/BASHostKit/BASCognitiveOSConvenience.swift:764-810","BehavioralAISubstrate/Sources/BASRuntimeCore/BASKnowledgeGraphEventExtractor.swift:238-267"]
33	model-path-traversal	["BehavioralAISubstrate/Sources/BASMLXAdapter/MLXModelCatalog.swift:32-76","BehavioralAISubstrate/Sources/BASMLXAdapter/MLXOrganAdapter.swift:635-700","BehavioralAISubstrate/Sources/BASMLXAdapter/MLXOrganAdapter.swift:821-866"]
34	mcp-permit-self-assertion	["BehavioralAISubstrate/Sources/BASMemory/BASMCPCapabilityGateway.swift:76-117","BehavioralAISubstrate/Sources/BASMemory/BASMCPCapabilityGateway.swift:212-249","BehavioralAISubstrate/Sources/BASMemory/BASMCPCapabilityGateway.swift:251-325","BehavioralAISubstrate/Sources/BASOrchestration/BASAgentFabricAdapters.swift:199-325","BehavioralAISubstrate/Tests/BehavioralAISubstrateTests/BASChapter978Phase7CloseE2ETests.swift:51-60","BehavioralAISubstrate/Sources/BASMemory/BASMCPCapabilityGateway.swift:212-325","BehavioralAISubstrate/Sources/BASOrchestration/BASAgentFabricAdapters.swift:206-325","BehavioralAISubstrate/Sources/BASOrchestration/BASMCPInvocationAuditBridge.swift:177-243"]
35	a2a-attestation-self-assertion	["BehavioralAISubstrate/Sources/BASMemory/BASExternalAgentA2A.swift:48-110","BehavioralAISubstrate/Sources/BASMemory/BASExternalAgentA2A.swift:238-255","BehavioralAISubstrate/Sources/BASMemory/BASExternalAgentA2A.swift:262-325","BehavioralAISubstrate/Tests/BehavioralAISubstrateTests/BASChapter978Phase7CloseE2ETests.swift:271-286"]
36	audit-payload-manual-json-interpolation	["BehavioralAISubstrate/Sources/BASOrgan/BASFoundationModelsToolBridge.swift:276-324","BehavioralAISubstrate/Sources/BASOrgan/BASToolCallingPlanner.swift:319-335","BehavioralAISubstrate/Tests/BehavioralAISubstrateTests/BASToolBridgeAuditEventTests.swift:90-99"]
37	snapshot-proof-anchor-version-not-bound	["QinaoRuntimeSDK/Sources/QinaoRuntime/QinaoSovereignSnapshotProof.swift:16-70","BehavioralAISubstrate/Sources/BASSovereign/BASSovereignSnapshotManager.swift:45-69","BehavioralAISubstrate/Sources/BASSovereign/BASSovereignSnapshotManager.swift:198-207","QinaoRuntimeSDK/Sources/QinaoRuntime/QinaoRuntime.swift:248-253","BehavioralAISubstrate/Sources/BASSovereign/BASSovereignCleanRebootCoordinator.swift:117-133","QinaoRuntimeSDK/Sources/QinaoRuntime/QinaoSovereignSnapshotProof.swift:44-70","QinaoRuntimeSDK/Sources/QinaoSovereign/QinaoSovereign.swift:835-850"]
38	evaluation-integrity.generated-code-early-exit	["BehavioralAISubstrate/Tools/qinao_local_eval/qinao_humaneval.py:31-44","BehavioralAISubstrate/Tools/qinao_local_eval/qinao_humaneval_paired.py:66-105","BehavioralAISubstrate/Tools/qinao_local_eval/qinao_merge.py:34-65","BehavioralAISubstrate/Tools/qinao_local_eval/registry.py:40-46"]
39	supply-chain.evaluation-fixture-integrity	["BehavioralAISubstrate/Tools/qinao_local_eval/qinao_humaneval.py:12-35","BehavioralAISubstrate/Tools/qinao_local_eval/qinao_humaneval_paired.py:41-94","BehavioralAISubstrate/Tools/qinao_local_eval/qinao_merge.py:34-65"]
40	ffi.resource-exhaustion.untrusted-wire-count	["BehavioralAISubstrate/Cargo/bas-red-team-bench/src/lib.rs:633-666","BehavioralAISubstrate/Cargo/bas-red-team-bench/src/lib.rs:721-756","BehavioralAISubstrate/Sources/BASOrchestration/BASRedTeamBatchClassifier.swift:141-150","BehavioralAISubstrate/Sources/BASOrchestration/BASRedTeamBatchClassifier.swift:228-261"]
41	supply-chain.critical-evaluation-dataset-unpinned	["BehavioralAISubstrate/Tools/qinao_local_eval/qinao_bench.py:26-50","BehavioralAISubstrate/Tools/qinao_local_eval/qinao_bench_zh.py:34-68","BehavioralAISubstrate/Tools/qinao_local_eval/qinao_gsm8k_fair.py:28-38","BehavioralAISubstrate/Tools/qinao_local_eval/qinao_merge.py:68-96","BehavioralAISubstrate/Tools/qinao_local_eval/release_gate.py:144-171"]
42	ffi.resource-exhaustion.tokenizer-unbounded-count	["BehavioralAISubstrate/Cargo/bas-tokenizer/src/lib.rs:365-398","BehavioralAISubstrate/Cargo/bas-tokenizer/src/lib.rs:538-590","BehavioralAISubstrate/Sources/BASRuntimeCore/BASAutoRouteRanker+Tokenizer.swift:181-205","BehavioralAISubstrate/Cargo/bas-memory-usage-tracker/Cargo.toml:40-43"]
43	ffi.resource-exhaustion.integrity-sentinel-unbounded-count	["BehavioralAISubstrate/Cargo/bas-integrity-sentinel/src/lib.rs:377-410","BehavioralAISubstrate/Cargo/bas-integrity-sentinel/src/lib.rs:471-510","BehavioralAISubstrate/Cargo/bas-memory-usage-tracker/Cargo.toml:76-83","BehavioralAISubstrate/Sources/BASSovereign/BASIntegritySentinelBridge.swift:55-91"]
44	ffi.resource-exhaustion.importance-unbounded-count	["BehavioralAISubstrate/Cargo/bas-retrieval-ranker/src/lib.rs:1052-1100","BehavioralAISubstrate/Cargo/bas-retrieval-ranker/src/lib.rs:1141-1190","BehavioralAISubstrate/Sources/BASRuntimeCore/BASAutoRouteRanker+Importance.swift:96-135","BehavioralAISubstrate/Cargo/bas-memory-usage-tracker/include/bas_rust_memory_tracker.h:1168-1217"]
45	ffi.resource-exhaustion.ledger-unbounded-count	["BehavioralAISubstrate/Cargo/bas-retrieval-ranker/src/lib.rs:1700-1722","BehavioralAISubstrate/Cargo/bas-retrieval-ranker/src/lib.rs:665-705","BehavioralAISubstrate/Cargo/bas-retrieval-ranker/src/lib.rs:730-777","BehavioralAISubstrate/Cargo/bas-retrieval-ranker/src/lib.rs:819-888","BehavioralAISubstrate/Sources/BASRuntimeCore/BASAutoRouteRanker+Crypto.swift:63-180","BehavioralAISubstrate/Cargo/bas-memory-usage-tracker/include/bas_rust_memory_tracker.h:1072-1118"]
46	legacy-audit-canonicalization-collision	["BehavioralAISubstrate/Sources/BASRuntimeCore/EBrainControlPlaneCore.swift:1312-1314","BehavioralAISubstrate/Sources/BASSovereign/BASSovereignEd25519Signing.swift:155-194","BehavioralAISubstrate/Sources/BASSovereign/BASSovereignAuditLedger.swift:282-298","BehavioralAISubstrate/Sources/BASSovereign/BASSovereignAuditLedger.swift:659-705","BehavioralAISubstrate/Sources/BASSovereign/BASSovereignLedgerStorage.swift:927-969","QinaoRuntimeSDK/Sources/QinaoSovereign/QinaoSovereign.swift:1948-1960"]
47	exportable-cli-signing-seed	["BehavioralAISubstrate/Sources/BASJournalCLI/Ledger.swift:64-93","BehavioralAISubstrate/Sources/BASJournalCLI/Ledger.swift:96-118","BehavioralAISubstrate/Sources/BASJournalCLI/Ledger.swift:125-153","BehavioralAISubstrate/Sources/BASJournalCLI/main.swift:34-46","BehavioralAISubstrate/Sources/BASJournalCLI/Ledger.swift:64-86","BehavioralAISubstrate/Sources/BASJournalCLI/Ledger.swift:96-118","BehavioralAISubstrate/Sources/BASJournalCLI/Ledger.swift:147-153"]
48	exportable-mirror-hmac-key	["BehavioralAISubstrate/Sources/BASJournalCLI/MirrorLane.swift:32-69","BehavioralAISubstrate/Sources/BASHostKit/BASMirrorLaneLedgerIngest.swift:56-75","BehavioralAISubstrate/Sources/BASHostKit/BASMirrorLaneLedgerIngest.swift:113-145"]
49	unbounded-braincli-stdin	["BehavioralAISubstrate/Sources/BASBrainCLI/main.swift:144-150","BehavioralAISubstrate/Sources/BASBrainCLI/main.swift:581-590"]
50	unbounded-mirror-input-buffering	["BehavioralAISubstrate/Sources/BASJournalCLI/MirrorLane.swift:158-183","BehavioralAISubstrate/Sources/BASJournalCLI/main.swift:547-551","BehavioralAISubstrate/Sources/BASJournalCLI/MirrorLane.swift:158-171"]
51	rust-wire-count-allocation-before-validation	["BehavioralAISubstrate/Cargo/bas-tokenizer/src/lib.rs:538-559","BehavioralAISubstrate/Cargo/bas-tokenizer/src/lib.rs:563-588","BehavioralAISubstrate/Cargo/bas-red-team-bench/src/lib.rs:721-752","BehavioralAISubstrate/Cargo/bas-integrity-sentinel/src/lib.rs:377-407","BehavioralAISubstrate/Cargo/bas-retrieval-ranker/src/lib.rs:1141-1188","BehavioralAISubstrate/Cargo/bas-red-team-bench/src/lib.rs:731-736","BehavioralAISubstrate/Cargo/bas-integrity-sentinel/src/lib.rs:384-387","BehavioralAISubstrate/Cargo/bas-tokenizer/src/lib.rs:545-571","BehavioralAISubstrate/Cargo/bas-retrieval-ranker/src/lib.rs:1145-1177"]
52	pq-and-int8-shape-allocation-bounds	["BehavioralAISubstrate/Sources/BASRuntimeCore/BASPQIndex.swift:58-67","BehavioralAISubstrate/Sources/BASRuntimeCore/BASPQIndex.swift:142-177","BehavioralAISubstrate/Cargo/bas-retrieval-ranker/src/pq_index.rs:57-80","BehavioralAISubstrate/Cargo/bas-retrieval-ranker/src/lib.rs:1536-1563","BehavioralAISubstrate/Cargo/bas-retrieval-ranker/src/quantize.rs:93-108","BehavioralAISubstrate/Sources/BASRuntimeCore/BASAutoRouteRanker+Cosine.swift:280-303"]
53	unauthenticated-update-ticket-promotion	["BehavioralAISubstrate/Sources/BASObservability/BASUpdateTicketLifecycle.swift:434-455","BehavioralAISubstrate/Sources/BASObservability/BASUpdateTicketLifecycle.swift:471-487","BehavioralAISubstrate/Sources/BASObservability/BASUpdateTicketLifecycle.swift:597-615","BehavioralAISubstrate/Sources/BASObservability/BASUpdateTicketLifecycle.swift:642-668","BehavioralAISubstrate/Sources/BASHostKit/BASUpdateTicketLifecycleCounterHostGate.swift:101-117","QinaoRuntimeSDK/Sources/QinaoSampleHost/SampleHostRuntimeBenchExtensions.swift:223-234","BehavioralAISubstrate/Sources/BASObservability/EBrainObservationPlaneCore.swift:66-111","BehavioralAISubstrate/Sources/BASObservability/BASUpdateTicketLifecycle.swift:402-486","BehavioralAISubstrate/Sources/BASHostKit/BASHostStorageWireBuilder.swift:540-565"]
54	unauthenticated-optin-commit-token-origin	["BehavioralAISubstrate/Sources/BASSovereign/BASSovereignCommitEnforcer.swift:48-65","BehavioralAISubstrate/Sources/BASSovereign/BASSovereignTokenAuthority.swift:243-286","BehavioralAISubstrate/Sources/BASHostKit/BASSovereignGatedTurn.swift:53-96","BehavioralAISubstrate/Sources/BASSovereign/BASSovereignGatedCommit.swift:56-81","BehavioralAISubstrate/Sources/BASSovereign/BASSovereignCommitTokenEd25519.swift:46-70","BehavioralAISubstrate/Sources/BASHostKit/EBrainRuntimeCoordinator+SovereignCommit.swift:214-227","BehavioralAISubstrate/Sources/BASSovereign/BASSovereignCommitEnforcer.swift:40-65","BehavioralAISubstrate/Sources/BASHostKit/BASSovereignGatedTurn.swift:68-96","BehavioralAISubstrate/Sources/BASRuntimeCore/EBrainControlPlaneCore.swift:675-729","BehavioralAISubstrate/Sources/BASHostKit/EBrainRuntimeCoordinator+SovereignCommit.swift:164-242"]
55	nan-risk-clamp-bypass	["BehavioralAISubstrate/Sources/BASMemory/BASAgentPersonaRiskClamp.swift:57-110","BehavioralAISubstrate/Sources/BASMemory/BASAgentPersonaRiskClamp.swift:227-276","BehavioralAISubstrate/Sources/BASMemory/BASAgentPersonaRiskClamp.swift:279-297","BehavioralAISubstrate/Sources/BASMemory/BASAgentPersonaRiskClamp.swift:380-386"]
56	unbounded-mlx-session-kv-history	["BehavioralAISubstrate/Sources/BASMLXAdapter/MLXMemoryPolicy.swift:9-21","BehavioralAISubstrate/Sources/BASMLXAdapter/MLXOrganAdapter.swift:131-139","BehavioralAISubstrate/Sources/BASMLXAdapter/MLXOrganAdapter.swift:635-670","BehavioralAISubstrate/Sources/BASMLXAdapter/MLXOrganAdapter.swift:1300-1334","BehavioralAISubstrate/Sources/BASMLXAdapter/MLXOrganAdapter.swift:1458-1523","BehavioralAISubstrate/Sources/BASMLXAdapter/MLXOrganAdapter.swift:376-380"]
57	authorization.mcp-permit-binding	["BehavioralAISubstrate/Sources/BASPolicy/EBrainRiskPlaneCore.swift:117-198","BehavioralAISubstrate/Sources/BASOrchestration/BASAgentFabricAdapters.swift:238-325","BehavioralAISubstrate/Sources/BASMemory/BASMCPCapabilityGateway.swift:76-116"]
58	memory-safety.decode-negative-position	["BehavioralAISubstrate/Sources/BASAppleAdapters/BASCoreAIDecodeSession.swift:126-143","BehavioralAISubstrate/Sources/BASAppleAdapters/BASCoreAILayerSplitSession.swift:124-134","BehavioralAISubstrate/Sources/BASMLXAdapter/BASCoreMLDraftSession.swift:101-120"]
59	integrity.summary-cache-nul-collision	["BehavioralAISubstrate/Sources/BASHostKit/BASCognitiveBrain+Construction.swift:175-207","BehavioralAISubstrate/Sources/BASHostKit/BASCognitiveBrain+Summary.swift:182-207","BehavioralAISubstrate/Sources/BASHostKit/BASCxxBrainSummaryCache.swift:45-69","BehavioralAISubstrate/Sources/BASMetalSubstrate/BASMPSGraphExecutableCacheCxxBridge.swift:129-172","BehavioralAISubstrate/Sources/BASMPSGraphExecutableCacheCxx/bas_mps_cache.cpp:417-447"]
60	authorization.summary-cache-context-confusion	["BehavioralAISubstrate/Sources/BASHostKit/BASCognitiveBrain.swift:251-282","BehavioralAISubstrate/Sources/BASHostKit/BASCognitiveBrain+Summary.swift:28-72","BehavioralAISubstrate/Sources/BASHostKit/BASCognitiveBrain+Summary.swift:84-101","BehavioralAISubstrate/Sources/BASHostKit/BASCognitiveBrain+Summary.swift:182-207","BehavioralAISubstrate/Sources/BASMPSGraphExecutableCacheCxx/bas_mps_cache.cpp:89-116"]
61	resource-exhaustion.organ-input-amplification	["BehavioralAISubstrate/Sources/BASOrgan/BASOrganAdapter.swift:180-261","BehavioralAISubstrate/Sources/BASMLXAdapter/MLXOrganAdapter+SuffixSpec.swift:123-135","BehavioralAISubstrate/Sources/BASMLXAdapter/MLXOrganAdapter.swift:1186-1228"]
62	authorization.host-approval-bearer	["QinaoRuntimeSDK/Sources/QinaoHost/QinaoHost.swift:121-140","BehavioralAISubstrate/Sources/BASMemory/HostCandidatePipeline.swift:146-185","BehavioralAISubstrate/Sources/BASMemory/HostConstitutionCore.swift:372-414","BehavioralAISubstrate/Sources/BASMemory/HostConstitutionCore.swift:808-837","BehavioralAISubstrate/Sources/BASHostKit/BASConstitutionApprovalGate.swift:106-139"]
63	authorization.shadow-trial-cross-session	["BehavioralAISubstrate/Sources/BASMemory/ShadowTrialCoordinator.swift:284-350","BehavioralAISubstrate/Sources/BASMemory/ShadowTrialCoordinator.swift:427-464","QinaoRuntimeSDK/Sources/QinaoHost/QinaoFurnace.swift:447-524","QinaoRuntimeSDK/Sources/QinaoHost/QinaoFurnace.swift:547-595"]
64	integrity.shadow-trial-self-attested-pass	["BehavioralAISubstrate/Sources/BASMemory/ShadowTrialCoordinator.swift:427-505","BehavioralAISubstrate/Sources/BASMemory/ShadowTrialCoordinator.swift:653-688","QinaoRuntimeSDK/Sources/QinaoHost/QinaoFurnace.swift:612-684"]
65	authorization.memory-constitution-substitution	["QinaoRuntimeSDK/Sources/QinaoMemory/QinaoMemory.swift:158-207","BehavioralAISubstrate/Sources/BASMemory/MemoryAtomBootstrapCore.swift:606-626","BehavioralAISubstrate/Sources/BASMemory/MemoryAtomBootstrapCore.swift:651-701","QinaoRuntimeSDK/Sources/QinaoDefaults/QinaoSovereignHostAssembly.swift:38-46"]
66	authorization.memory-destructive-bearer	["QinaoRuntimeSDK/Sources/QinaoMemory/QinaoMemory.swift:310-420","QinaoRuntimeSDK/Sources/QinaoDefaults/QinaoSovereignHostAssembly.swift:38-46","QinaoRuntimeSDK/Sources/QinaoDefaults/QinaoSovereignHostAssembly.swift:120-138"]
67	integrity.distillation-safety-flags	["BehavioralAISubstrate/Sources/BASMemory/EBrainEvolutionGovernanceCore.swift:371-400","BehavioralAISubstrate/Sources/BASMemory/BASDistillationBank.swift:184-201","BehavioralAISubstrate/Sources/BASMemory/BASDistillationBank.swift:100-149","BehavioralAISubstrate/Sources/BASOrchestration/BASDistillationTurnIngest.swift:12-35"]
68	authorization.halt-effect-toctou	["QinaoRuntimeSDK/Sources/QinaoRuntime/QinaoRuntime.swift:255-280","QinaoRuntimeSDK/Sources/QinaoSovereign/QinaoSovereign.swift:932-959"]
