schemaVersion	changeKind	path	gitMode	gitBlob	byteLength	sha256
1	trackedModified	.github/workflows/qinao-wave-admission.yml	100644	21153440ab05334efc599e394c795a237e3459c6	62532	6767aa2ebfd65a5728101af7c62566adc2c1471905cb92762b18f34ef7864b84
1	trackedModified	.github/workflows/test.yml	100644	80714281658a6591bde9c0204fc9b7b519cbc0ac	20878	26b79def2267f3d099957d8649b7c552c98b1486d72e564c6be3a4ec96e82191
1	trackedModified	QinaoRuntimeSDK/Tests/QinaoRuntimeSDKTests/QinaoKeyDomainSeparationTests.swift	100644	909c55f13c4e65cabab2ade83083e7f613fe76b7	3479	a269fa456b8682e3db6dc10a5a7d3c80aa305bc27cbf3fef4d80744e1a314c26
1	untrackedAdded	docs/superpowers/evidence/qinao-dual-space-authoring-recovery-checkpoint-v1.md	100644	e61a889bcd3c1e3e4fde951bf40690d0903bc333	22607	c62359a0a574924d147cfcd622ded5749867af211f72133b0758a43c95dff2b0
1	trackedModified	docs/superpowers/plans/2026-07-15-iphone-air-architecture-convergence-master.md	100644	f991607ed749a161300c632f7512f878cfc903f0	62844	4049b8faf9c632f6a71ac9eb91d8fed62e87292e417bf69c660d7dc698cd0d39
1	trackedModified	docs/superpowers/plans/2026-07-19-qinao-coreai-agent-controlled-document-convergence.md	100644	0b75dc69fe4c64c3977e35cceef57f2d0f4dcea2	1261773	b490c6b53cafd16a35b08f195bb77bced94bc893c1ac6c02e24855fc3d05a14c
1	trackedModified	docs/superpowers/plans/2026-07-23-qinao-artifact-mesh-w1-task0.md	100644	6347a4a3527989b5f8d81427495bcb656df2fcfe	339990	a89bf8d4bf1b04638544a0c3e0d0cae094f22acb2702924c742c6ce49dc05d20
1	trackedModified	docs/superpowers/plans/2026-07-23-qinao-authority-ledger-and-cw-evidence.md	100644	87670a961c19dea47713f99ef582ff3e1839cc6f	304743	17d2af64b203213f11409d1e203e9c759e31372b9e3b60f3ac02cae09da7f160
1	trackedModified	docs/superpowers/plans/2026-07-23-qinao-bootstrap-verifier-and-admission-lineage.md	100644	6fbc59a212d7a0768f61c1d3ad369f0f300d9756	396479	f1b41cf437213481b2bdf1155ad906aa15f8d569facd9538fc2d0b57e9e431ed
1	trackedModified	docs/superpowers/plans/2026-07-23-qinao-c0-provenance-and-safe-import.md	100644	2eba8758a549caed16832c01797236785dcc1ef8	214030	8d9daa5ca0530d7a008c42b4b96c17e4694f5b323e4a09447b98d0dd3630713f
1	trackedModified	docs/superpowers/plans/2026-07-23-qinao-clean-candidate-reconstruction-and-controlled-convergence.md	100644	5ed4a503dedb8aee583c21d01ae818b188c5f89f	68219	b1a9d2dd4b1785490f83c62622474452fee001a737461e65674a772fb4e556e3
1	trackedModified	docs/superpowers/plans/2026-07-23-qinao-w0-safety-and-k4-proof.md	100644	4ad1f20dda9b7261844c2de79efbacf2cc06f505	207081	2d5dd96cc68ff4eee5f510d06d8697fbd69ab24e19c9fbb53aa723f330eb9981
1	trackedModified	docs/superpowers/plans/2026-07-29-qinao-dual-space-automation-controlled-convergence.md	100644	3c32def5329705fa193150f3bbb74332d759ba2c	1417949	fc17dc82afb4e2fbd1f8c4a6854afae090045ada3ae45184c82ec959584e3e10
1	untrackedAdded	docs/superpowers/specs/2026-08-10-qinao-global-invariant-firewall-and-recovery-design.md	100644	887c23a28fb9098d86d252aa8b6dc9153380738b	233726	4eb06cde16e0cf5985c7272147ced9274dd83648a098772c8b5a06f7b3ebeab6
1	untrackedAdded	scripts/check_artifact_mesh_device_recovery.py	100644	e2e2281981eea8074396f5412dfa3df1f758ba5f	50723	4a60b598732970c8f5b70fc86e35dbb95a27218368d10a0d820ffbab308e3cbb
1	trackedModified	scripts/check_qinao_owner_ledger.py	100644	a8b8cd9d51700810586f2bedcacfba8a79e9df51	303443	5ef26fae03c6340ccab70597573c86096001207c663afb89060023690c35a414
1	untrackedAdded	scripts/prepare_qinao_v2_wave_candidate.py	100644	e81b5839342de2e30e71099f1463024352f14c08	73012	d2b79bdb136c1219bfcc12ebb9e80215ad492dfbe887dcadbb63e1cdbbbff8c9
1	untrackedAdded	scripts/run_artifact_mesh_device_recovery.py	100644	31681d67bfc985a689c4093d37e4757434ff6381	59090	452fe856300b42e314ab99f598c03e3e7e93aa76b8f33a5dd3800f4f052bc722
1	trackedModified	scripts/run_nonempty_swift_filter.py	100644	61dcf4b1207da23a39c822e835cbd10987e0deee	37908	660db0126c3bf5f569570107f7b297b2b68e3b45eb91037d0a9cb36498c7311f
1	untrackedAdded	scripts/run_nonempty_xcode_test.py	100644	b0b26a4d8f38de055e035e0a5c6e0c65082608f8	51250	58529015e80442c885c617d70759540c6fd47f08d89f8588eac335b85370bfbd
1	trackedModified	scripts/run_qinao_k4_ios27_platform_spike.py	100644	a5d6236bfd2d9087a816bd8ff54493aa9c389fd6	82174	baca4db1145405f41b361c2eb73ee2cd267eae7d6e6ecb7d046099bffa5b3efd
1	untrackedAdded	scripts/run_qinao_managed_convergence.py	100644	d5bb5a8d4d755398e9a04b4efb9830c870b5332c	124503	8af4e813d57a8f9659e3ff8b03fd17f45fe44f1dd2dc9e85ade0dbc30e6e7d62
1	trackedModified	scripts/run_qinao_wave_admission.py	100644	080359f7945aefe671ca3c9287d31fa9e35f3782	125208	e23fc191174fa35ccf8537f877571ca929b6b33dfba4ba4b197f7e18a59cde17
1	untrackedAdded	scripts/test_check_artifact_mesh_device_recovery.py	100644	c125b9f3ef6912621dc142b7218393ad5864c56b	54365	cd895c75d6e07708b905a29c507fbfba4501df19129bdd16e3d43addd3a9b92a
1	trackedModified	scripts/test_check_qinao_owner_ledger.py	100644	314428e096aa45eb7e66575133adb77f20191a4f	276641	a6cfc1b064ba9468354a6143f1185b08eb952b8cebbf1344f81bdbad297922d9
1	untrackedAdded	scripts/test_prepare_qinao_v2_wave_candidate.py	100644	11279f86529a34b96f3b4c79515360e2e88f90c9	39770	0df6bcac40572eae57ade22976b084dc93c2184fd966ee79ce65ac988b3b5f85
1	trackedModified	scripts/test_qinao_plan_remediation.py	100644	94bb268ff4f58dac87afbe5f249ac686637acaec	397219	ad607a31976809e04a8ccd111b1891dfac49c0856ba293337b5ca75d09635943
1	trackedModified	scripts/test_run_nonempty_swift_filter.py	100644	90d8fddd8164cc112edecc4c65f709010237fd09	42325	529bd8b29d53290249ef61c2ea276c3860a30ae00de56fe7b0580d3da5e82bc5
1	untrackedAdded	scripts/test_run_nonempty_xcode_test.py	100644	f6118bd012cf67b54553428660af77cf10fcac09	47752	bd3b210e1cd74110f08830ba3c3f89734e2247089e14a10f15991ac66f32d1b9
1	trackedModified	scripts/test_run_qinao_k4_ios27_platform_spike.py	100644	4b90a6990e014cbd43c47e7f567af1f049b362b8	66691	d9e784bea8943ce5793e7bd5ab10a7d90889367f82888b4335f4c4a0f0b25ab2
1	untrackedAdded	scripts/test_run_qinao_managed_convergence.py	100644	bc1f02bc550c4fb2047f6cc648cd3d3347b47a22	114453	3642197ceb5237a1f8f5953cf2d89849a44f136ba3fb7fe37022f09f6168a0f4
1	trackedModified	scripts/test_run_qinao_wave_admission.py	100644	8621309c042bc5a3fcba9252b618f1ca8a38010b	177388	1d95a82e1f258346f965ac0349aa2f8dc47602c989c5a245c6f535add8353199
1	trackedModified	scripts/test_test_workflow_owner_ledger.py	100644	5db160f19bc71d7aeeb9028d69d24a55206911e6	150486	f95a4a0bf21e8607ee64efd072f699ff3c0bff5843c42902387d9b8997a93c4d
