baseSpecSHA256	proposedSpecSHA256	unitStartLine	replacementLabel	oldStartByte	oldEndByteExclusive	byteLength	oldEscaped	newEscaped	unitID
e5bb5098ce484f0d561aa96f7bfe42c07adbd4a26e690dc2e22c4a057cc32c89	e52d6b0b8f2811c1c1b3ed1b339c4c85a45ac25e81e45537cc3e6158f76e7d41	409	A0-design-source-anchor	21286	21330	44	the separate design-source identity\n   above	the design-source identity from A0 step\n   3	QUN-04d99033a989d49fa5508dda
e5bb5098ce484f0d561aa96f7bfe42c07adbd4a26e690dc2e22c4a057cc32c89	e52d6b0b8f2811c1c1b3ed1b339c4c85a45ac25e81e45537cc3e6158f76e7d41	436	V2-present-pair	22397	22444	47	both exact entries plus the matching V2 receipt	Exact 08-02/08-10 pair plus matching V2 receipt	QUN-80cd82f12293b1374cd81e12
e5bb5098ce484f0d561aa96f7bfe42c07adbd4a26e690dc2e22c4a057cc32c89	e52d6b0b8f2811c1c1b3ed1b339c4c85a45ac25e81e45537cc3e6158f76e7d41	438	V2-foreign-pair	22492	22555	63	both exact entries with a missing, stale, or foreign V2 receipt	Exact 08-02+08-10 state with a missing/stale/foreign V2 receipt	QUN-24089e6ae94d504385e60eea
e5bb5098ce484f0d561aa96f7bfe42c07adbd4a26e690dc2e22c4a057cc32c89	e52d6b0b8f2811c1c1b3ed1b339c4c85a45ac25e81e45537cc3e6158f76e7d41	510	reserved-put-authorization	26794	26859	65	The package-private reserved put verifies that authorization and,	The package-private put validates reserved-put authorization and,	QUN-60818bd3c0b4f02684508ead
e5bb5098ce484f0d561aa96f7bfe42c07adbd4a26e690dc2e22c4a057cc32c89	e52d6b0b8f2811c1c1b3ed1b339c4c85a45ac25e81e45537cc3e6158f76e7d41	513	exact-retry-identity	27409	27459	50	Exact retry reopens the same ticket/proof/receipt.	Exact retry reopens reserved ticket/proof/receipt.	QUN-0907ae5e8166c27bc6bb9e03
e5bb5098ce484f0d561aa96f7bfe42c07adbd4a26e690dc2e22c4a057cc32c89	e52d6b0b8f2811c1c1b3ed1b339c4c85a45ac25e81e45537cc3e6158f76e7d41	739	A3-gate-set	40445	40480	35	revalidate every current gate above	revalidate the complete A3 gate set	QUN-a11f519f81d11a9caf66ec73
e5bb5098ce484f0d561aa96f7bfe42c07adbd4a26e690dc2e22c4a057cc32c89	e52d6b0b8f2811c1c1b3ed1b339c4c85a45ac25e81e45537cc3e6158f76e7d41	843	DS1-snapshot-subject	46293	46311	18	that frozen source	DS1 snapshot bytes	QUN-a78b24998eb80d51c860ed8d
e5bb5098ce484f0d561aa96f7bfe42c07adbd4a26e690dc2e22c4a057cc32c89	e52d6b0b8f2811c1c1b3ed1b339c4c85a45ac25e81e45537cc3e6158f76e7d41	856	I41-row-root	47335	47372	37	category counts,\n  and row root above	category counts,\n  and lead-list root	QUN-eed159a53859e8df74d70b8a
e5bb5098ce484f0d561aa96f7bfe42c07adbd4a26e690dc2e22c4a057cc32c89	e52d6b0b8f2811c1c1b3ed1b339c4c85a45ac25e81e45537cc3e6158f76e7d41	874	R1-per-row-current-revision	48169	48234	65	map the same control/data path at the current candidate revision;	map per-row control/data paths at the current candidate revision;	QUN-582edc35fb669d16286771d9
e5bb5098ce484f0d561aa96f7bfe42c07adbd4a26e690dc2e22c4a057cc32c89	e52d6b0b8f2811c1c1b3ed1b339c4c85a45ac25e81e45537cc3e6158f76e7d41	892	R1-validation-method	49164	49213	49	follows the same current-source\nvalidation method	follows R1's own current-source\nvalidation method	QUN-2908b62760980094f53240b1
e5bb5098ce484f0d561aa96f7bfe42c07adbd4a26e690dc2e22c4a057cc32c89	e52d6b0b8f2811c1c1b3ed1b339c4c85a45ac25e81e45537cc3e6158f76e7d41	953	R3-final-freeze	52557	52597	40	on that same exact final commit and tree	on the exact R3 final-freeze commit/tree	QUN-892c07f52ab61c9fd72f6487
e5bb5098ce484f0d561aa96f7bfe42c07adbd4a26e690dc2e22c4a057cc32c89	e52d6b0b8f2811c1c1b3ed1b339c4c85a45ac25e81e45537cc3e6158f76e7d41	1027	D0-tree	57727	57753	26	against that exact\n   tree	against D0's exact\n   tree	QUN-2fdfc887cdfe79bdfffb95a4
e5bb5098ce484f0d561aa96f7bfe42c07adbd4a26e690dc2e22c4a057cc32c89	e52d6b0b8f2811c1c1b3ed1b339c4c85a45ac25e81e45537cc3e6158f76e7d41	1081	D1-waiter	61254	61265	11	that waiter	D1's waiter	QUN-aaa7221a0f196f983056d171
e5bb5098ce484f0d561aa96f7bfe42c07adbd4a26e690dc2e22c4a057cc32c89	e52d6b0b8f2811c1c1b3ed1b339c4c85a45ac25e81e45537cc3e6158f76e7d41	1094	D1-claim-token	62203	62223	20	the same claim token	the #3 handoff claim	QUN-e6586b06d88e45804c957811
e5bb5098ce484f0d561aa96f7bfe42c07adbd4a26e690dc2e22c4a057cc32c89	e52d6b0b8f2811c1c1b3ed1b339c4c85a45ac25e81e45537cc3e6158f76e7d41	1149	ReportProjectionV1-definition	65171	65237	66	the deterministic\nprojection of the three canonical JSON documents	ReportProjectionV1 derived from the\nthree canonical JSON documents	QUN-0eadfa4d9f78b22055deab48
e5bb5098ce484f0d561aa96f7bfe42c07adbd4a26e690dc2e22c4a057cc32c89	e52d6b0b8f2811c1c1b3ed1b339c4c85a45ac25e81e45537cc3e6158f76e7d41	1155	ReportProjectionV1-reference	65636	65668	32	separate report projection above	ReportProjectionV1's exact bytes	QUN-daa950c7e4fac05608cc6a39
e5bb5098ce484f0d561aa96f7bfe42c07adbd4a26e690dc2e22c4a057cc32c89	e52d6b0b8f2811c1c1b3ed1b339c4c85a45ac25e81e45537cc3e6158f76e7d41	1194	VerifierV1-definition	67228	67265	37	The closed extractor/verifier path is	The closed VerifierV1 source path is:	QUN-df84a0d27bb056e5d28ce71b
e5bb5098ce484f0d561aa96f7bfe42c07adbd4a26e690dc2e22c4a057cc32c89	e52d6b0b8f2811c1c1b3ed1b339c4c85a45ac25e81e45537cc3e6158f76e7d41	1209	VerifierV1-reference	68071	68113	42	implemented by the\n   exact verifier above	implemented by VerifierV1's\n   source code	QUN-43e1e3494b7bd4a6b758d437
e5bb5098ce484f0d561aa96f7bfe42c07adbd4a26e690dc2e22c4a057cc32c89	e52d6b0b8f2811c1c1b3ed1b339c4c85a45ac25e81e45537cc3e6158f76e7d41	1257	UnitNormV1-definition	72152	72186	34	Normalization applies Unicode NFC,	UnitNormV1 applies Unicode NFC and	QUN-8261b175fe517430b0a7e59d
e5bb5098ce484f0d561aa96f7bfe42c07adbd4a26e690dc2e22c4a057cc32c89	e52d6b0b8f2811c1c1b3ed1b339c4c85a45ac25e81e45537cc3e6158f76e7d41	1269	UnitNormV1-reference	73219	73265	46	the same\n   NFC/ASCII-whitespace normalization	the UnitNormV1\n   NFC/ASCII-whitespace profile	QUN-d3c367d18ed245d3e9f1f57c
e5bb5098ce484f0d561aa96f7bfe42c07adbd4a26e690dc2e22c4a057cc32c89	e52d6b0b8f2811c1c1b3ed1b339c4c85a45ac25e81e45537cc3e6158f76e7d41	1304	HeaderV1-definition	75196	75267	71	Use this exact TSV header, with names joined by TAB in the shown order;	Define TSV HeaderV1 via QUN-f72aa897afa9968903edcbab names, TAB-joined;	QUN-4554c1237c6c9968c6497954
e5bb5098ce484f0d561aa96f7bfe42c07adbd4a26e690dc2e22c4a057cc32c89	e52d6b0b8f2811c1c1b3ed1b339c4c85a45ac25e81e45537cc3e6158f76e7d41	1313	RecordShapeV1-definition	76334	76544	210	   `schemaVersion` is exactly `1`; decimal numbers are unsigned, use no leading\n   zero except the value `0`, and every field not required or conditionally\n   allowed by this closed record-shape matrix is `-`:\n	   `schemaVersion` is exactly `1`; decimal numbers are unsigned with no leading\n   zero except the value `0`. Define RecordShapeV1 as a closed matrix; every\n   field is required, conditionally allowed, or `-`:\n	QUN-c090e9ccef557b6f2d462260
e5bb5098ce484f0d561aa96f7bfe42c07adbd4a26e690dc2e22c4a057cc32c89	e52d6b0b8f2811c1c1b3ed1b339c4c85a45ac25e81e45537cc3e6158f76e7d41	1353	scan-tuple	80076	80103	27	the closed scan tuple below	the #1/#2/#3/Standard tuple	QUN-86bf4f70c6f42d3fa4eb8ed2
e5bb5098ce484f0d561aa96f7bfe42c07adbd4a26e690dc2e22c4a057cc32c89	e52d6b0b8f2811c1c1b3ed1b339c4c85a45ac25e81e45537cc3e6158f76e7d41	1380	RecordShapeV1-reference	80826	80888	62	The matrix is both required and\n   forbidden-field validation;	RecordShapeV1 validates every required\n   and forbidden field;	QUN-e2e6e50b9186ab66884b3641
e5bb5098ce484f0d561aa96f7bfe42c07adbd4a26e690dc2e22c4a057cc32c89	e52d6b0b8f2811c1c1b3ed1b339c4c85a45ac25e81e45537cc3e6158f76e7d41	1383	AuthoritySetV1-definition	81317	81348	31	authority-bearing admission set	AuthoritySetV1 source-state set	QUN-0a5291f9d05bf4ca55068c3a
e5bb5098ce484f0d561aa96f7bfe42c07adbd4a26e690dc2e22c4a057cc32c89	e52d6b0b8f2811c1c1b3ed1b339c4c85a45ac25e81e45537cc3e6158f76e7d41	1383	AuthoritySetV1-references	81567	81585	18	that authority set	the AuthoritySetV1	QUN-0a5291f9d05bf4ca55068c3a
e5bb5098ce484f0d561aa96f7bfe42c07adbd4a26e690dc2e22c4a057cc32c89	e52d6b0b8f2811c1c1b3ed1b339c4c85a45ac25e81e45537cc3e6158f76e7d41	1398	AuthoritySetV1-references	82150	82168	18	that authority set	the AuthoritySetV1	QUN-8250e408c401413b8f493ea6
e5bb5098ce484f0d561aa96f7bfe42c07adbd4a26e690dc2e22c4a057cc32c89	e52d6b0b8f2811c1c1b3ed1b339c4c85a45ac25e81e45537cc3e6158f76e7d41	1460	LP-encoding	86295	86326	31	the same length-prefix encoding	uint64be-prefixed UTF-8 fields,	QUN-a92bba2fe7a001992940b59b
e5bb5098ce484f0d561aa96f7bfe42c07adbd4a26e690dc2e22c4a057cc32c89	e52d6b0b8f2811c1c1b3ed1b339c4c85a45ac25e81e45537cc3e6158f76e7d41	1521	acceptance-placeholder-closure	90304	90468	164	self-review finds no TODO/TBD, unclassified or executable placeholder outside\n   the exact closed nonExecutable admission shapes and intentional scan nulls\n   above	self-review finds no TODO/TBD, unclassified or executable placeholder except in\n   two NCD shapes, exactly one scan-gate reuse, or\n   RecordShapeV1 scan-field nulls	QUN-b2fa74b8a27ac973dea7251e
e5bb5098ce484f0d561aa96f7bfe42c07adbd4a26e690dc2e22c4a057cc32c89	e52d6b0b8f2811c1c1b3ed1b339c4c85a45ac25e81e45537cc3e6158f76e7d41	1550	R2-admission-gates	92578	92658	80	every R2 change enters through the same source-admission,\nowner, and Wave gates.	every R2 change must clear A0 source admission and active-plan\nowner/Wave gates.	QUN-a975f8165328a05175d126d6
